,movie,label,prediction
4144,Dangal,12391761,0.0
2341,Tere Naal Love Ho Gaya,177472,900663.125
708,Wake Up Sid,717977,928854.0
4141,Miss Peregrine's Home for Peculiar Children,87242834,83674744.0
3516,3 Nights in the Desert,1279,943451.0
1394,William S. Burroughs: A Man Within,46380,503371.0625
3480,Goodbye to All That,13790,533051.4375
5258,Alpha,35851379,42445832.0
3715,The Lazarus Effect,25799043,25067888.0
4461,Harmonium,17191,174895.828125
1015,Seitti - kilvoittelijan päiväkirja,33205,389426.09375
3975,Gangnam 1970,18022,1342387.375
1204,The Trip,2014922,420413.15625
446,The New Twenty,16133,332106.40625
2483,The Ghastly Love of Johnny X,2436,680805.3125
2847,The Look of Love,21252,1286818.625
4078,Antarctic Edge: 70° South,4914,395452.59375
4465,Is That a Gun in Your Pocket?,39361,761240.875
49,The Bank Job,30028592,10911282.0
458,Chelsea on the Rocks,6911,944770.6875
5191,Aquaman,335061807,309359552.0
3336,Life Itself,809724,1387384.0
5752,Rocketman,96368160,68347608.0
271,The Alphabet Killer,29784,1874306.875
5337,Pad Man,1662927,18148396.0
2453,The Stroller Strategy,3255,306564.21875
5586,Being Frank,67343,1453079.875
797,Delhi-6,879913,427834.9375
5859,After the Wedding,1448643,2271478.75
3272,99 Homes,1410915,7406105.0
2041,Snow White and the Huntsman,155332381,153166752.0
5899,No Manches Frida 2,9270920,867839.5625
4845,Beatriz at Dinner,7115854,958038.5625
5805,The Prodigy,14856291,9203792.0
920,Super Capers: The Origins of Ed and the Missing Bullion,30955,2945462.5
2267,Du zhan,127877,85100.3828125
5579,El pacto,2488,2520858.25
2185,The Lords of Salem,1163508,4368790.5
4049,This Isn't Funny,690,428050.8125
4232,Anthropoid,2959288,2253567.0
4539,The Women's Balcony,1200885,198645.78125
4047,Seong-nan Byeon-ho-sa,45260,1713601.625
5628,Crime + Punishment,15426,1467564.5
341,Leonera,13689,389426.09375
3659,Hardcore Henry,9252038,6821356.5
2613,Last Vegas,63914167,27986714.0
5814,Chhichhore,898575,1515450.75
3256,Cake,1873547,25621960.0
2156,Piranha 3DD,376512,4967394.5
5578,The Chaperone,600654,61046.8203125
5549,The Island,670883,1131786.375
2686,Joe,373375,2519428.0
3990,Zhong Kui fu mo: Xue yao mo ling,165428,7015559.0
2735,Mandela: Long Walk to Freedom,8323085,29030686.0
4154,The Shallows,55124043,57183128.0
3583,The Principle,86172,1407681.75
5857,Extreme Job,1563508,664211.3125
3968,Viva,177062,2346446.5
4876,Just Getting Started,6069605,20814192.0
4652,Beauty and the Beast,504014165,321685472.0
4197,Underworld: Blood Wars,30348260,31242816.0
2592,Anchorman 2: The Legend Continues,127352707,73745736.0
1479,God of Vampires,56705,2504700.5
2450,Trade of Innocents,15059,1615655.75
346,Miss Conception,1342,854562.6875
966,Enemies of the People,73171,210911.234375
4050,Burning Bodhi,3289,730240.625
166,The Wackness,2077116,4400038.5
649,In the Loop,2384044,413176.03125
436,The Window,11995,716963.75
3713,Slow West,229094,1609728.75
4326,Beta Test,10104,268585.84375
3626,Cinderella,201151353,127786976.0
485,The Korean,17973,190043.5
4024,Five Nights in Maine,15138,224188.0
4485,All These Sleepless Nights,20555,609045.375
3148,The Judge,47119388,129414144.0
810,Good Hair,4157104,1702529.25
3817,The Perfect Guy,57017904,39886232.0
1876,Beloved,119608,2925371.0
1963,Crime After Crime,58840,55516.51953125
2691,Dhoom 3,8031955,0.0
5392,Proud Mary,20868638,30868398.0
2457,Hardflip,96734,2423795.0
2836,Generation Iron,849521,1574283.25
4212,Ice Age: Collision Course,64063008,133219776.0
5484,3 Faces,71613,0.0
4976,A Ciambra,30988,281507.65625
2229,A Late Quartet,1561577,944770.6875
1804,Xin hai ge ming,127437,9853096.0
4054,Twenty Two,46796,0.0
798,White Material,302819,275577.09375
4677,Wonder,132422809,40527020.0
3551,She's Lost Control,900,182242.046875
699,The Secret of Kells,686383,4905461.5
5126,Getting Grace,217812,2302479.0
3466,Hae-jeok: Ba-da-ro gan san-jeok,375907,0.0
5386,Black '47,50026,573594.25
674,The House of the Devil,100659,3889298.25
3679,Child 44,1206135,48975624.0
3989,The Challenger,19003,1679575.375
3892,The Girl in the Book,5249,0.0
112,The Spirit,19781879,77356032.0
1227,Des hommes et des dieux,3954651,1030595.1875
3069,La Maison de la radio,7169,275577.09375
680,Spread,249590,1188968.5
5135,Served Like a Girl,8290,75643.34375
1359,No Problem,242116,0.0
1245,Hatchet II,62000,628749.5625
3881,He Named Me Malala,2642899,17419474.0
2856,O Menino e o Mundo,129479,2561971.0
5201,Incredibles 2,608581744,324015040.0
1995,Bert Stern: Original Madman,32864,396772.34375
2763,Grand Piano,22353,610365.0625
5261,Insidious: The Last Key,67745330,35601408.0
1184,The Killer Inside Me,214966,7215800.5
4930,Freak Show,18216,361786.90625
1415,Snowman's Land,1125,0.0
2259,West of Memphis,309864,348434.0625
1271,Hanyo,149757,62366.59765625
2859,Shootout at Wadala,369310,685363.8125
321,August,11762,2591572.75
87,Sex Drive,8402485,31393522.0
3158,What We Do in the Shadows,3333000,933105.3125
4429,Dead Awake,11108321,23705370.0
904,Daniel and Ana,1400,62366.59765625
3929,Journal d'une femme de chambre,46675,61046.8203125
82,Nick and Norah's Infinite Playlist,31487293,24360966.0
5769,Hustlers,80553967,71002488.0
2921,Home Run,2859955,2311275.25
106,Made of Honor,46012734,49728040.0
1360,Jean-Michel Basquiat: The Radiant Child,256242,290160.46875
4551,National Bird,10019,480044.03125
133,Rachel Getting Married,12796277,1539715.0
186,Elegy,3581642,11066194.0
5535,Family,121545,21297906.0
1439,The Dry Land,7351,1024619.8125
2194,No,2343664,937424.4375
3781,Southbound,6250,623641.9375
1386,I Want Your Money,425899,1217600.75
1763,Terri,653578,1188968.5
4622,Kuai shou qiang shou kuai qiang shou,28892,114030.8828125
749,Tetro,518522,7915031.5
3476,La prochaine fois je viserai le coeur,714,174895.828125
1626,Larry Crowne,35608245,52271280.0
2122,Robot & Frank,3325638,2512798.0
1948,Putins kys,5139,168965.28125
5487,A Kid Like Jake,44824,1872061.375
5045,Ryuichi Sakamoto: Coda,117460,274257.28125
188,Strange Wilderness,6563357,21061660.0
5698,Exes Baggage,577723,937582.6875
4633,The Fiancé,21209,1944063.75
2410,Shanghai Calling,10443,1859853.5
3684,Mr. Holmes,17737646,11441532.0
3275,A Brilliant Young Mind,139511,1500390.875
5342,Rangasthalam 1985,3510000,40254.4140625
4235,Blair Witch,20777061,44746892.0
785,Chandni Chowk to China,921738,33910448.0
1628,Red State,1104682,893745.125
1888,The Family Tree,3658,747964.0
4594,Alive and Kicking,67591,0.0
2759,Goliyon Ki Rasleela Ram-Leela,2674134,374827.375
4655,Pirates of the Caribbean: Dead Men Tell No Tales,172558876,267190208.0
2778,The Best Man Holiday,70525195,31854634.0
3173,Blended,46294610,60839208.0
796,Shorts,20916309,44940856.0
1303,Die Fremde,19631,282814.21875
3960,Ho Mann Jahaan,208611,635458.8125
508,Bringing Godzilla Down to Size: The Art of Japanese Special Effects,148915,210911.234375
2236,Emperor,3345315,1080842.75
939,"Hugh Hefner: Playboy, Activist and Rebel",21878,830812.875
1746,The Day,20502,696096.125
4447,In Between,107977,609045.375
4375,Almost Christmas,41715860,36601308.0
3429,Iris,1310229,2458592.0
3819,Lazer Team,1149878,8609284.0
837,Down Terrace,9609,610365.0625
970,The Thorn in the Heart,6994,168965.28125
2271,The Babymakers,5215,975757.9375
1478,Man on a Mission: Richard Garriott's Road to the Stars,8548,290160.46875
618,The Uninvited,28573173,16465764.0
1222,Elle s'appelait Sarah,7691700,1756853.875
1851,Page One: Inside the New York Times,1067028,1051369.5
1606,The Smurfs,142614158,117350080.0
5070,Eating Animals,128503,61046.8203125
2995,Visitors,70367,290160.46875
1833,Hagane no renkinjutsushi: Mirosu no seinaru hoshi,177802,168965.28125
916,Vision - Aus dem Leben der Hildegard von Bingen,431881,0.0
5914,Mike Wallace Is Here,274367,1614335.875
2484,The Obama Effect,110251,9520966.0
1611,The Inbetweeners Movie,36000,747964.0
284,Uncertainty,36230,396772.34375
3841,Shamitabh,241720,1271239.75
182,Nights in Rodanthe,41850659,37536484.0
1548,Hanna,40259119,38644616.0
5095,Sollers Point,32608,730240.625
58,Marley & Me,143153751,80475632.0
1765,Damsels in Distress,1007535,1859853.5
494,Full Battle Rattle,12306,545316.9375
344,Faubourg 36,850575,1714908.0
5143,Frank Serpico,6801,395452.59375
1406,The Oath,42117,503371.0625
4318,Incarnate,4790573,8190269.5
1274,Chico & Rita,350524,0.0
3350,"Kumiko, the Treasure Hunter",621127,395452.59375
1470,Deadly Renovations,146146,1647581.5
3417,Les combattants,23598,92047.046875
5185,Avengers: Infinity War,678815482,799891008.0
1913,Natural Selection,48153,975757.9375
1638,Apollo 18,17686929,20318650.0
2997,Marius,5599,210911.234375
2797,Go Goa Gone,295414,1171731.125
3577,NOW: In the Wings on a World Stage,37200,985277.6875
5268,The Grinch,270620950,138104944.0
2087,Safe,17142080,22779234.0
2678,Ida,3827060,1707671.0
3291,She's Funny That Way,88460,851439.8125
2247,Populaire,175256,820440.5625
1266,Armadillo,10347,653228.0625
5287,The Guilty,207140,715657.1875
1383,The Human Resources Manager,63709,306564.21875
326,Mid-August Lunch,673721,519774.75
325,Standard Operating Procedure,228830,1005502.0625
5672,Gray Matter,37537,61046.8203125
5939,Emanuel,1200000,395452.59375
3161,Annabelle,84273813,73023304.0
1038,Due Date,100539043,121252280.0
4243,Sultan,6200000,41915916.0
1060,Knight and Day,76423035,93667168.0
2380,Inescapable,4063,574900.875
4242,Pink,1241223,0.0
5606,In Like Flynn,26646175,37447968.0
2465,Dom över död man,62297,324760.15625
791,Collapse,46964,396772.34375
558,Coraline,75286229,70498024.0
2880,Ghanchakkar,203044,0.0
1175,Stone,1796024,26924872.0
3226,'71,1268760,1714583.75
2863,Raze,3453,696096.125
4449,Lowriders,6155650,5993694.5
1523,Hugo,73864507,123980296.0
4353,Sleight,3847290,588177.75
4849,Film Stars Don't Die in Liverpool,1026124,5868704.0
4187,A Monster Calls,3730982,32551600.0
5234,Mortal Engines,15951040,65852304.0
5198,Solo: A Star Wars Story,213767512,153392160.0
5216,Bumblebee,127195589,74701344.0
1492,Raw Faith,1486,332106.40625
4199,The Infiltrator,15425870,14281016.0
98,Outlander,160641,35955732.0
4398,Holy Hell,16905,395452.59375
4271,Nine Lives,19637449,33913056.0
575,The Time Traveler's Wife,63414846,49570928.0
2573,Escape Plan,25132228,63612404.0
3576,Pro Wrestlers vs Zombies,18655,79431.25
1125,Burlesque,39440655,75310904.0
4972,Fireworks,525280,2308202.25
4722,The Beguiled,10576669,32575022.0
5793,Five Feet Apart,45729221,24297418.0
5908,The Ground Beneath My Feet,16524,102992.7578125
2534,The Beat Hotel,5571,0.0
2322,Mental,17346,420413.15625
2532,Bad Blood,3731,10558540.0
5590,Okko's Inn,134787,764047.1875
1977,"Connected: An Autoblogography About Love, Death & Technology",13301,1510660.375
3243,Goodnight Mommy,1168902,9083486.0
2931,The Retrieval,50257,1299093.375
3894,Chevalier,25676,305257.5625
2222,A Coffee in Berlin,146135,306564.21875
4996,Lemon,29258,1036658.9375
3601,Mission: Impossible - Rogue Nation,195042377,105113152.0
3415,The Seven Five,14785,240440.265625
1950,"Pink Ribbons, Inc.",24784,168965.28125
2557,Elysium,93050117,74562816.0
4143,Deepwater Horizon,61433527,41488200.0
819,American: The Bill Hicks Story,90275,168965.28125
5068,Memoir of War,103636,281507.65625
1277,Red Hill,20960,823575.5625
3195,Frank,644906,17630564.0
3697,Victor Frankenstein,5775076,40400508.0
5681,"A Bread Factory, Part One",17325,927097.3125
3773,By the Sea,531009,20825416.0
5758,Yesterday,73286650,20066534.0
2324,Nobody Walks,24995,838159.0
3043,Smash & Grab: The Story of the Pink Panthers,18765,0.0
1339,180° South,29084,1282826.875
3368,Beyond the Reach,44577,730240.625
2496,Out of the Clear Blue Sky,16050,332106.40625
5650,Walking on Water,98358,1178900.125
714,Crossing Over,454149,19457286.0
2550,The Great Gatsby,144840419,70222856.0
853,Endgame,9645,1294053.25
3012,"Cinco de Mayo, La Batalla",169379,5991816.5
689,Defendor,44462,1832433.75
2706,V/H/S/2,21833,3549273.75
2261,The Samaritan,1744,6668239.5
1006,Off and Running,15205,290160.46875
4147,Train to Busan,2129768,2663440.5
2881,Amour & turbulences,7636,306564.21875
2551,Star Trek Into Darkness,228778661,268848544.0
870,Last Ride,5480,168965.28125
3232,Ouija,50856010,50875604.0
1072,The Last Airbender,131564731,124519368.0
3164,Into the Woods,128002372,120438992.0
3103,Captain America: The Winter Soldier,259766572,382797248.0
758,Lebanon,367798,610365.0625
1511,The Help,169708112,47618680.0
73,The Other Boleyn Girl,26814957,37071044.0
3671,Project Almanac,22331028,33620548.0
2080,The Campaign,86907746,66330892.0
3740,The Diary of a Teenage Girl,1477002,1690776.875
1518,Moneyball,75605492,70917648.0
4896,The Ballad of Lefty Brown,7856,11336852.0
2362,The Citizen,24296,1615655.75
1671,The Innkeepers,77501,838159.0
101,Quarantine,31691811,31563742.0
5794,The Curse of La Llorona,54733739,15681072.0
4284,Lady Macbeth,1129408,650991.3125
4003,Gun dan ba! Zhong liu jun,286639,1672685.5
1656,Trespass,16816,37943620.0
1756,The Lady,355391,353144.9375
5057,A Question of Faith,2587072,1497880.5
5235,"Love, Simon",40826341,196412032.0
5703,Summer of '67,5398,0.0
1699,Rundskop,151840,724214.1875
2991,The Trials of Muhammad Ali,57579,248787.921875
5660,Jo-seon-myeong-tamjeong: Heupyeolgoemaui bimil,104013,0.0
4809,Columbus,1017107,2520157.0
5786,Uri: The Surgical Strike,4186168,4679224.0
4825,The Villainess,27741,0.0
3788,The Vatican Tapes,1712111,41788836.0
1580,The Three Musketeers,20377913,80841984.0
3711,The Peanuts Movie,130178411,122808160.0
5203,Fantastic Beasts: The Crimes of Grindelwald,159555901,381930944.0
1330,The Nutcracker in 3D,195459,50336024.0
4963,Human Flow,527845,3199070.5
4799,The Party,749827,984964.0625
1596,The Best Exotic Marigold Hotel,46412041,8022024.5
4906,Godard Mon Amour,82264,735170.9375
2985,Innocence,294039,1352936.5
2168,The Cold Light of Day,3749061,29532190.0
1791,Chillar Party,6149,9762074.0
4488,Luo man di ke xiao wang shi,239256,0.0
2610,Jack the Giant Slayer,65187603,195529776.0
2822,Underdogs,34810,4579078.5
312,Sugar,1081922,1240719.5
1779,The Music Never Stopped,258077,4288739.5
2315,Wish You Were Here,45267,716963.75
2754,Knights of Badassdom,86796,735348.3125
536,2012,166112167,183802368.0
1902,La conquête,68479,466767.21875
1931,InSight,17011,838159.0
5263,The Sisters Brothers,3143056,23249866.0
3450,Happy Ending,311729,361862.375
5935,Raise Hell: The Life & Times of Molly Ivins,219373,288853.90625
4267,Kapoor & Sons,2607036,106705.8203125
5948,Rush: Cinema Strangiato 2019,960073,821303.9375
1817,La guerre est déclarée,46225,168965.28125
323,"Not Quite Hollywood: The Wild, Untold Story of Ozploitation!",19368,231874.40625
3718,The Transporter Refueled,16029670,11502804.0
4695,Gifted,24801212,13568414.0
1811,Dark Horse,940430,1357295.625
5573,I Do Not Care If We Go Down in History as Barbarians,9349,148651.765625
5686,Weed the People,13926,75643.34375
1402,Illégal,404,168965.28125
1517,The Cabin in the Woods,42073277,44725356.0
2694,Labor Day,13362308,21600078.0
3276,The Good Lie,2716989,17702318.0
1290,Elektra Luxx,10822,975757.9375
15,Tropic Thunder,110515313,115362776.0
2536,Gravity,274092705,58338620.0
5595,Take Point,107018,3723008.5
5831,The Goldfinch,5332621,53037412.0
4255,My Big Fat Greek Wedding 2,59689605,44041344.0
555,G.I. Joe: The Rise of Cobra,152267519,149952224.0
924,Mugabe and the White African,4542,210911.234375
3993,What Our Fathers Did: A Nazi Legacy,38987,0.0
2286,Rebelle,70544,1157705.25
5727,Captain Marvel,426829839,389188992.0
3087,Assaulted: Civil Rights Under Fire,6781,1977410.875
1084,Life as We Know It,53374681,42157256.0
1647,Jin ling shi san chai,9213,64976708.0
2230,Fun Size,9402410,28518218.0
5097,May it Last: A Portrait of the Avett Brothers,725286,165842.34375
3094,Gibsonburg,247500,290160.46875
3495,Buzzard,13684,319840.96875
4484,The First Monday in May,527258,1614335.875
5791,The Farewell,16877010,1932144.875
1061,Love & Other Drugs,32367005,51094392.0
2911,Les salauds,12247,62366.59765625
3676,Youth,2698509,2761135.25
2021,Life of Pi,124987023,97543712.0
1740,Atlas Shrugged: Part I,4752353,22617390.0
4511,The Last Shaman,15616,61046.8203125
2798,Romeo & Juliet,1161089,1608309.5
1106,Hereafter,32746941,85928184.0
4386,Being 17,52713,174895.828125
5276,Adrift,31445012,21680410.0
1968,Last Call at the Oasis,40846,1722254.5
3130,The Equalizer,101530738,59740796.0
668,G-Force,119436770,87414264.0
5558,Tel Aviv on Fire,453006,198645.78125
2018,The Hobbit: An Unexpected Journey,303003568,204362832.0
1160,Fair Game,9528092,24668466.0
4286,Genius,1358018,4233403.0
3896,Being Charlie,11872,730240.625
2787,A.C.O.D.,172344,1188968.5
2723,Upstream Color,444098,503371.0625
3079,Rangeelay,139074,1171731.125
903,Formosa Betrayed,225341,838159.0
2369,Blue Like Jazz,594904,2376397.75
4462,Silicon Cowboys,5724,0.0
3888,The People Vs. Fritz Bauer,277636,609045.375
247,Space Chimps,30105968,42963832.0
4229,The Boss,63034755,58546004.0
5162,Shine,333124,2183702.25
2842,The Armstrong Lie,381703,1617253.375
1893,Bringing Up Bobby,4975,2073064.125
5361,The Clovehitch Killer,8208,596917.625
3031,Las horas muertas,7879,210911.234375
5058,Arábia,38399,777865.0
2539,12 Years a Slave,56671993,27459026.0
4715,Paddington 2,40442052,40224956.0
1807,The Front Line,11018,0.0
3460,Where Hope Grows,1098544,2665957.5
5100,Vazante,23884,616381.875
263,Little Ashes,480339,830812.875
5122,RV: Resurrected Victims,20374,529203.25
1567,Scream 4,38180928,39980088.0
3398,Bears,17769442,20804666.0
2275,"Farewell, My Queen",72100,338473.15625
1521,Friends with Benefits,55802754,45813544.0
3110,Birdman or (The Unexpected Virtue of Ignorance),42340598,24211216.0
3613,The Intern,75764672,50959772.0
4905,Hampstead,143819,1720938.625
4070,Ladrones,3058367,7480042.0
2608,The Last Stand,12050299,34600104.0
681,Broken Embraces,5014305,12485234.0
5090,Anything,19037,943451.0
5816,The Angry Birds Movie 2,38440502,33591904.0
2749,Ain't Them Bodies Saints,387606,880104.9375
5749,Jumanji: The Next Level,316477404,298554592.0
5193,Spider-Man: Into the Spider-Verse,190241310,164868224.0
4918,The Farthest,14733,1170389.25
4413,Lovesong,10545,899060.0
4342,Other People,93000,533051.4375
4026,Hayride 2,1668,588177.75
347,Downloading Nancy,22153,1840493.75
2634,Epic,107518682,153164080.0
4410,Oopiri,1567151,1622049.375
5129,Goodland,32140,182242.046875
1574,Priest,29136626,50000760.0
4865,Journey's End,156164,699244.5
910,Barbe bleue,39745,857200.75
3631,Pitch Perfect 2,184296230,91982288.0
301,Until the Light Takes Us,119601,396772.34375
1447,I Kissed a Vampire,1380,1110988.875
3399,The Keeping Room,27166,3842342.0
2605,Inside Llewyn Davis,13235319,11254780.0
2110,Wanderlust,17225675,1188968.5
793,Baarìa,4900,512426.3125
4497,Donald Cried,61309,319840.96875
2462,Backwards,61465,1483573.625
2514,Foreign Letters,80000,9726458.0
4596,Miss Kiet's Children,9059,0.0
176,Mutant Chronicles,6820,9213388.0
4565,4 Days in France,12273,148651.765625
3206,The Best of Me,26761283,61028972.0
2281,Good Deeds,35025791,2403147.0
3239,The Rover,1109199,15480682.0
4977,God of War,52659,13339374.0
1996,Photographic Memory,7711,183561.765625
4090,Troublemakers: The Story of Land Art,28140,0.0
551,Mr. Nobody,3600,51537560.0
572,Monsters vs. Aliens,198351526,225466992.0
2214,Smashed,375981,838159.0
1750,Et maintenant on va où?,531813,5294924.0
2969,Gekijouban Ano hi mita hana no namae wo bokutachi wa mada shiranai.,109630,716963.75
595,Paul Blart: Mall Cop,20819129,33588068.0
807,Einayim Petukhoth,24708,275577.09375
4421,Born in China,13830237,17564374.0
2050,Chronicle,64575175,26670504.0
4319,God's Not Dead 2,20773070,22160732.0
1739,Polisse,171320,282814.21875
1771,Poulet aux prunes,253705,1738658.25
3216,The Boxtrolls,50837305,64327972.0
2186,To the Wonder,586293,1282092.0
1754,The Decoy Bride,542,1127392.625
3645,Burnt,13650738,43808672.0
282,A Christmas Tale,1060602,0.0
5024,24 Frames,34482,174895.828125
3428,"Like Sunday, Like Rain",27623,623641.9375
4792,Marshall,10051659,14468546.0
5734,Shazam!,140371656,150803168.0
3204,A Most Violent Year,5740310,7847213.5
5083,Bad Grandmas,17688,0.0
3477,Big Stone Gap,1009301,1858546.875
1333,The Perfect Game,1089445,10870290.0
1875,The Fairy,38399,306564.21875
4084,Zan men jie hun ba,447648,2727354.5
4629,Contemporary Color,15275,1614335.875
2027,21 Jump Street,138447667,46167220.0
2792,Temptation: Confessions of a Marriage Counselor,51975354,18578488.0
1042,The Book of Eli,94835059,81276840.0
4493,Deokhyeongju,25753,139444.625
311,Is Anybody There?,2024225,1601059.25
4579,Owaranai hito: Miyazaki Hayao,187320,0.0
4225,Whiskey Tango Foxtrot,23049575,32082336.0
2894,Child of God,37949,731560.3125
4209,Keeping Up with the Joneses,14896798,44685676.0
3146,Taken 3,89256424,26521184.0
1183,L'illusionniste,2231474,13494432.0
1819,The Prey,6310,85100.3828125
3906,Stonewall,186354,13837104.0
5721,Shoah: Four Sisters,7323,459615.90625
3177,A Walk Among the Tombstones,26307600,19649518.0
4507,"Accidental Courtesy: Daryl Davis, Race & America",1452,0.0
3384,Happy Christmas,30312,1081050.125
2700,The Smurfs 2,71017784,111416120.0
1260,Karthik Calling Karthik,262511,77025.34375
5748,Pokémon Detective Pikachu,144105346,119719760.0
4936,Bombshell: The Hedy Lamarr Story,820300,1329998.75
3469,Praia do Futuro,20262,1049786.75
706,Dev.D,10950,427834.9375
3406,The Single Moms Club,15986272,26382360.0
285,Sleep Dealer,75727,2743805.0
4544,Obit.,304191,182242.046875
3927,Ixcanul,290880,167658.65625
771,The Good Guy,100503,8178335.0
5076,Demons,2771,0.0
4744,Girls Trip,115171585,65434864.0
4946,I Am Not A Witch,50868,0.0
5012,Oro,2571,2365837.5
1110,Saw: The Final Chapter,45710178,8961766.0
3092,Justice Is Mind,335,0.0
2153,Byzantium,84293,830812.875
5420,102 Not Out,1339909,5198921.0
4828,The Bookshop,1588150,5206604.5
5439,Soorma,390077,3220222.75
1412,Standing Ovation,531806,1152934.75
2487,An Inconsistent Truth,53109,1631544.75
4101,Rogue One: A Star Wars Story,532177324,374316000.0
2339,Something in the Air,71921,389426.09375
184,Igor,19528602,38385544.0
2587,The Internship,44672764,63298040.0
3842,I'll See You in My Dreams,7425963,1965145.375
1116,Cop Out,44875481,36834296.0
5792,Child's Play,29208403,20033514.0
2098,That's My Boy,36931089,84203280.0
5132,Leaning Into The Wind,400530,1393085.125
3981,Phantom Boy,30987,1435031.0
4549,Miles,2147,1339949.25
1585,A Dangerous Method,5702083,823575.5625
1943,Hide Away,29604,1828866.25
2680,Special 26,1079369,77025.34375
1197,Vanishing on 7th Street,22197,17278136.0
492,Bar Starz,11600,7946929.0
616,Dogtooth,110248,168965.28125
4670,Atomic Blonde,51687870,37657108.0
1661,Bir Zamanlar Anadolu'da,138730,183637.25
3699,Wild Card,3200,29343782.0
5255,Fifty Shades Freed,100407760,116590184.0
2637,Movie 43,8828771,4967394.5
4234,Ben-Hur,26410477,62174256.0
388,Hey Hey It's Esther Blueburger,7745,1993814.625
5463,Peterloo,151971,2434947.5
1426,Violet Tendencies,5264,427759.40625
3486,Meet the Mormons,5876812,5342978.5
5580,Papi Chulo,84497,746644.3125
3553,The Yes Men Are Revolting,48000,61046.8203125
884,Not Since You,5670,1802116.75
2977,Gibraltar,9770,176215.515625
2823,Al midan,124244,568636.625
2089,The Lorax,214030500,88211408.0
1579,Final Destination 5,42587643,45399452.0
3193,Penguins of Madagascar,83348920,145514800.0
2065,Wrath of the Titans,83670083,123975424.0
3411,Video Games: The Movie,23043,565595.3125
3519,Beloved Sisters,53686,0.0
582,The Men Who Stare at Goats,32416109,23134126.0
3567,The Great Invisible,9952,1614335.875
4056,Ssesibong,162082,388106.34375
2490,Inocente,2142342,5857033.5
276,Gonzo: The Life and Work of Dr. Hunter S. Thompson,1250234,0.0
4771,God's Own Country,335609,61046.8203125
5300,Under the Silver Lake,46083,8752562.0
4027,The Music of Strangers: Yo-Yo Ma and the Silk Road Ensemble,1161574,1614335.875
1917,Wo zhi nv ren xin,123526,3759078.75
2002,Crazy Wisdom: The Life & Times of Chogyam Trungpa Rinpoche,80752,202149.4375
3969,Tang ren jie tan an,474252,0.0
5799,After,12138565,36644584.0
1532,The Descendants,82584160,28245480.0
310,Tashan,428923,3669830.25
695,Fighting,23036320,1090391.25
4377,Complete Unknown,166827,623641.9375
1673,Straw Dogs,10324441,30406512.0
5128,Wait for Your Laugh,17556,918586.6875
4894,Woman Walks Ahead,57528,483894.84375
7,Hancock,227946274,119117480.0
1122,Elite Squad: The Enemy Within,100119,0.0
766,Heartless,2033,6756885.5
3541,The Letters,1646574,22848264.0
3109,Kingsman: The Secret Service,128261724,74262104.0
2132,LOL,46500,12555464.0
209,Surveillance,27349,2271763.75
1923,Go for It!,178739,1935465.0
4081,The Looking Glass,1711,405727.59375
3221,Citizenfour,2800870,1806906.875
2614,The Book Thief,21488481,39295036.0
5806,The Addams Family,100044905,53613180.0
3442,Northern Soul,6786,502446.71875
4463,No manches Frida,11514388,4306117.0
5149,The King's Case Note,90899,4854390.5
4203,Zoolander 2,28848693,65873232.0
980,X Games 3D: The Movie,1391434,963017.625
2473,Gregory Crewdson: Brief Encounters,58978,396772.34375
985,You Wont Miss Me,2240,640969.9375
2599,Saving Mr. Banks,83301580,66563388.0
5818,Saaho,2626284,9948432.0
2054,The Twilight Saga: Breaking Dawn - Part 2,292298923,83232112.0
2612,The Mortal Instruments: City of Bones,31165421,86543048.0
5587,An Acceptable Loss,32427,623641.9375
1584,Attack the Block,1024175,19944320.0
3846,Captive,2557668,1774413.625
5906,"Love, Antosha",48021,0.0
4156,13 Hours,52853219,144804512.0
5789,The Hustle,35417038,43150432.0
3286,Holiday,706893,8930020.0
2081,The Watch,35353000,79818360.0
5274,Capharnaüm,1661096,2113346.0
3451,Aloft,52961,5627105.5
1744,Elena,23278,168965.28125
434,The Last Lullaby,28631,1767695.0
3605,The Man from U.N.C.L.E.,45445109,157900240.0
3233,Force Majeure,1358561,753894.6875
4826,XX,30611,3859304.5
5655,Hal,45889,1114843.0
1915,Les hommes libres,53810,0.0
2960,Pulling Strings,5823487,1655198.75
3467,The Green Prince,257779,1706351.125
3238,Kill the Messenger,2450846,1942247.0
4922,Hagazussa,13253,61046.8203125
5918,Before You Know It,92285,426452.84375
3988,Freetown,387130,2129416.0
5779,Annabelle Comes Home,74152591,62727524.0
5434,London Fields,252676,5233420.0
5301,Operation Finale,17612099,34353984.0
1641,Gnomeo & Juliet,99967670,23128200.0
2347,Here Comes the Devil,4534,1526386.25
2141,The Odd Life of Timothy Green,51853450,25612476.0
5323,Destroyer,1533324,10137376.0
4378,Norman,3810812,1067825.875
5188,Bohemian Rhapsody,216428042,128198048.0
3875,Beterang,1200627,0.0
4480,Paradise,14873,1356875.5
1939,Policeman,7379,275577.09375
4268,Under the Shadow,30999,4303049.0
4709,American Assassin,36249674,66649860.0
5080,Our Time Will Come,96552,992151.75
936,Rosencrantz and Guildenstern Are Undead,71007,1188968.5
5430,My Hero Academia: Two Heroes,5754556,4516419.5
2171,The Act of Killing,486919,86086.4375
4740,Stronger,4211129,34213532.0
4523,We Are X,45028,609045.375
2772,Stalingrad,1013945,12731850.0
5910,The Bravest,290217,1506872.5
4981,In Search of Fellini,12772,1084576.375
5399,Active Measures,11953,6060521.5
1757,Mai wei,67330,482961.0625
5597,More Than Blue,722669,61046.8203125
5804,The Art of Self-Defense,2410914,419985.15625
874,(Untitled),230600,975757.9375
935,Beeswax,46505,427759.40625
1530,The Adjustment Bureau,62495645,52876080.0
5546,In Safe Hands,1737,1392958.875
1944,Unforgivable,153785,324760.15625
1451,Reuniting the Rubins,12746,7869481.5
2220,The Oogieloves in the Big Balloon Adventure,1064277,22064946.0
228,The Heir Apparent: Largo Winch,7621,0.0
3965,Mr. X,30097,0.0
219,Il divo - La spettacolare vita di Giulio Andreotti,239294,168965.28125
1120,The Last Song,62950384,22897236.0
1309,Legendary,191875,1787493.75
3180,Pompeii,23219748,39306936.0
2118,The First Time,17061,3002598.75
3244,Endless Love,23393765,62148320.0
567,The Lovely Bones,43818839,110518912.0
5933,Fiddler: A Miracle of Miracles,342931,1656281.75
3282,Testament of Youth,1822030,162950.171875
1472,Nénette,18009,2474490.75
3822,A Royal Night Out,197973,523696.96875
2562,Despicable Me 2,368061265,167604160.0
5524,Sgt. Stubby: An American Hero,3140677,14110936.0
5879,India's Most Wanted,176858,1229178.0
1195,The Warrior's Way,5664251,29958370.0
5194,Green Book,85080171,25353738.0
3170,Jack Ryan: Shadow Recruit,50577412,43810804.0
592,Precious,47395661,22225612.0
4811,The Rider,2419031,730240.625
670,Capitalism: A Love Story,14359793,21907896.0
3113,Ex Machina,25442958,25471486.0
5888,Give Me Liberty,139295,543326.5625
2157,A Thousand Words,18438149,45625288.0
893,L'enfer d'Henri-Georges Clouzot,23955,62366.59765625
3330,En duva satt på en gren och funderade på tillvaron,222284,1630739.625
5771,Dumbo,114766307,158335248.0
5759,Little Women,108045890,87431424.0
5341,Beirut,5019226,2954790.25
389,Venkovský ucitel,46245,168965.28125
4494,The Wedding Plan,1398498,1637296.0
4364,Baaghi,436055,10622210.0
4077,E gun tian shi,131058,0.0
5673,Till The End Of The World,118352,2261685.75
4912,Monster Family,112014,4167503.0
4230,Toni Erdmann,1478960,6828559.0
1724,Margaret,46495,29083922.0
2679,The East,2268296,7893173.5
1540,Just Go with It,103028109,83528912.0
5912,Saga of Tanya the Evil - The Movie,288460,388106.34375
669,The Pink Panther 2,35922978,63734496.0
2971,Savannah,36746,6448673.0
5901,The Least of These: The Graham Staines Story,605908,2058268.875
3049,Tasting Menu,18686,1845270.0
3076,Afternoon of a Faun: Tanaquil Le Clercq,172120,183561.765625
871,The Time That Remains,20205,3040625.75
1749,Violet & Daisy,17186,5958988.5
1405,Deux de la Vague,28808,168965.28125
2235,Side by Side,28592,503371.0625
755,Mother and Child,1110286,8374310.5
2015,Django Unchained,162805434,88388304.0
340,Another Gay Sequel: Gays Gone Wild!,104020,469705.34375
1102,Ip Man 2,205675,574900.875
3326,Devil's Due,15818967,47755272.0
3468,Anime nere,100120,61046.8203125
333,Finding Amanda,56408,1188968.5
5174,The Meanest Man in Texas,5769,0.0
435,The Village Barbershop,2359,975757.9375
2999,Il Futuro,13983,275577.09375
1825,Whores' Glory,31313,168965.28125
46,The Boy in the Striped Pajamas,9030581,8058232.0
157,Nim's Island,48006503,35828400.0
205,Swing Vote,16284360,25767092.0
617,Case 39,13248477,44420004.0
692,Adam,2277396,1753254.75
172,Astérix aux jeux olympiques,999811,3498718.25
4973,The Tribes of Palos Verdes,4651,1059564.625
989,Mine,11283,290160.46875
2090,Frankenweenie,35291068,52353104.0
5761,Ready or Not,26744177,22082034.0
2559,We're the Millers,150394119,50272912.0
1682,Tyrannosaur,22088,382175.78125
2750,"Like Father, Like Son",278442,176215.515625
3950,Les cowboys,73725,502446.71875
2531,Death Metal Angola,4674,1093315.375
4170,The Handmaiden,2006788,845642.875
3693,Macbeth,1108247,7920850.5
5369,Gotti,4343227,8220263.5
3973,Seasons,119091,3086881.75
3683,Drishyam,739478,6391729.5
906,Guy and Madeline on a Park Bench,35556,545316.9375
3111,John Wick,43037835,29472398.0
5787,Shaft,21360215,29530370.0
2411,A Liar's Autobiography: The Untrue Story of Monty Python's Graham Chapman,5102,1728218.375
138,Che: Part One,1731665,17149418.0
683,Did You Hear About the Morgans?,29580087,64166112.0
2344,More Than Honey,71497,168965.28125
1892,Surviving Progress,47139,168965.28125
1212,Burke and Hare,4833,122246.8046875
795,De Dana Dan,944979,877014.3125
3355,The Look of Silence,109089,1014870.0
369,La fille de Monaco,601923,1067773.25
1342,We Are Family,631276,1441047.75
5242,Blockers,59839515,26353318.0
338,Tulpan,156331,413176.03125
3416,Gui lai,377607,1599752.625
3861,Amsal,1904682,0.0
2134,Stand Up Guys,3301046,22004198.0
1932,Rid of Me,10373,126537.765625
831,Wild Grass,403649,883194.9375
1973,The Extraordinary Voyage,43748,168965.28125
3395,Respire,42297,0.0
4150,Kung Fu Panda 3,143528619,45948324.0
3911,Lao pao er,1415450,1498432.75
5167,Explosion,118384,699838.0625
815,Vincere,615278,3804804.0
2294,The Invisible War,71968,13570.5732421875
460,Free Style,140987,3398996.5
1712,The Ledge,5176,7876414.5
21,The Wrestler,26236603,5569033.0
3278,Serena,176305,41179540.0
2835,Ragnarok,1228,4434260.5
675,All About Steve,33860010,54410468.0
3944,The Cokeville Miracle,1348625,2145740.75
4528,El rey del Once,63201,198645.78125
3585,Mahogany Sunrise,3500,182242.046875
1017,American Casino,50876,290160.46875
605,I Love You Phillip Morris,2035566,7603703.5
602,The Final Destination,66477700,43084212.0
4759,Loveless,566356,829506.125
5731,1917,159183029,75804728.0
2891,Concussion,38361,1051369.5
4358,The Unknown Girl,150549,68297.09375
240,Expelled: No Intelligence Allowed,7690545,4075528.75
835,Objectified,8668,290160.46875
2722,The Grandmaster,6594959,32010120.0
1239,Carlos,145118,7290402.0
1236,Rien à déclarer,182295,0.0
4954,The Adventurers,216556,0.0
1495,To Die Is Hard,4189,1221023.25
5158,Architects of Denial,65424,288853.90625
4731,Before I Fall,12230791,19732326.0
3849,April and the Extraordinary World,294313,9954668.0
1316,Der Räuber,82172,0.0
4238,A Hologram for the King,4198126,14935646.0
1477,The Weird World of Blowfly,1721,183561.765625
2983,Gore Vidal: The United States of Amnesia,127743,0.0
3498,Do I Sound Gay?,57000,480044.03125
5360,Raid,1010385,2434927.0
2583,Hansel & Gretel: Witch Hunters,55703475,42721548.0
3966,Dough,1142315,198645.78125
3514,She's Beautiful When She's Angry,420593,0.0
726,Cracks,17595,716963.75
3457,Alive Inside,150200,395452.59375
4142,Inferno,34343574,78797000.0
3071,Our Man in Tehran,3623,0.0
5565,Happy Phirr Bhag Jayegi,103385,983241.8125
5334,Dogman,148225,274257.28125
1520,Super 8,127004179,112596616.0
5582,Helicopter Eela,71971,528860.125
4958,Unrest,40081,0.0
2625,The Family,36918811,31616878.0
491,Jake's Corner,12522,2162610.25
2648,42,95001343,61265632.0
3184,St. Vincent,44134898,22926334.0
2959,Walking with the Enemy,357000,888532.1875
5674,Cynthia,58177,213242.28125
623,The Human Centipede (First Sequence),181467,2628776.5
227,Dostana,1235028,3851091.25
1908,Diana Vreeland: The Eye Has to Travel,1004821,1828866.25
3674,The Wedding Ringer,64460211,72615888.0
531,Watchmen,107509799,222862816.0
4036,The Man in 3B,289575,836852.375
477,Djinn,35189,290160.46875
1034,127 Hours,18335230,25734308.0
4198,Office Christmas Party,54767494,50018488.0
4404,The Untamed,27593,0.0
1340,Small Town Murder Songs,30858,716963.75
3376,God Help the Girl,101542,1211043.625
2252,2016: Obama's America,33449086,3462230.25
3827,Strangerland,17472,6304335.5
5729,Star Wars: Episode IX - The Rise of Skywalker,515137774,471870784.0
1364,The Arbor,21268,168965.28125
2690,A Haunted House,40041683,1228803.75
1151,You Again,25702053,22845894.0
2768,Metallica Through the Never,3419967,19867704.0
2795,One Chance,89722,1794544.5
3951,Ingrid Bergman: In Her Own Words,137927,68297.09375
3987,The Sunshine Makers,9915,0.0
1947,Found Memories,7489,168965.28125
4246,Dear Zindagi,1397133,0.0
3635,Crimson Peak,31090320,77070712.0
4884,Phoenix Forgotten,3599570,10482030.0
5119,Dark Meridian,4800,182242.046875
1689,Your Sister's Sister,1573712,975757.9375
3967,Batkid Begins: The Wish Heard Around the World,73002,3059377.75
4440,Mastizaade,43403,1295629.375
3295,2 States,2221675,1622049.375
5738,Glass,111048468,83957320.0
4796,Loving Pablo,22017,233094.078125
560,Drag Me to Hell,42100625,40817904.0
320,Afterschool,2606,840705.3125
2291,Atlas Shrugged II: The Strike,3333823,9564026.0
2968,Birth of the Living Dead,8590,396772.34375
2684,Bad Words,7764027,8178335.0
1984,"Filth to Ashes, Flesh to Dust",202531,1647581.5
1745,Dookudu,1563466,0.0
1772,Mere Brother Ki Dulhan,496172,9613530.0
4467,Master,595649,2259916.75
1994,Where Soldiers Come From,38151,396772.34375
3759,Remember,637555,4862249.5
3914,Tomorrow,43471,5111252.0
873,Handsome Harry,22878,1024619.8125
4210,Gold,7222964,59052252.0
1556,Immortals,83504017,67059272.0
295,Sleepwalking,168972,930174.125
121,Bangkok Dangerous,15279680,40413320.0
4592,Te Ata,73236,1029190.9375
234,It Might Get Loud,1607276,1324199.375
280,Good,23091,7590029.5
5125,Bobbi Jene,18004,274257.28125
3591,Inside Out,356461711,208763008.0
3757,Ricki and the Flash,26822144,25970860.0
4206,Criminal,14268533,33349118.0
3174,If I Stay,50474843,40691308.0
3402,Gett,987830,68297.09375
1784,Madea's Big Happy Family,53345287,25883812.0
2740,Fading Gigolo,3763973,975757.9375
210,Hamlet 2,4881867,7784649.5
1935,Return,6717,290160.46875
1354,American Grindhouse,5529,416286.03125
4340,Kevin Hart: What Now?,23564630,52440444.0
3742,Talvar,342370,845642.875
3125,Godzilla,200676069,161793312.0
3603,Bridge of Spies,72313754,79882944.0
3478,Im Keller,3387,61046.8203125
1598,Take Shelter,1729969,5610405.5
5184,Red Trees,13666,0.0
2378,Shut Up and Play the Hits,505154,210911.234375
2664,Oldboy,2193658,28231918.0
2650,Turbo,83028128,144081952.0
4260,The Bad Batch,177680,6540416.5
3181,Night at the Museum: Secret of the Tomb,113746621,94639480.0
3224,Veronica Mars,3319109,20408816.0
3690,Irrational Man,4027764,11188808.0
1367,Bloodworth,12971,838159.0
4903,A Bag of Marbles,411318,7656393.5
4416,Score: A Film Music Documentary,101382,1644836.375
19,Pineapple Express,87341380,36428704.0
4691,Phantom Thread,21023275,49991536.0
3419,Come Back to Me,4156,772186.5625
3714,Secret in Their Eyes,20180155,37058056.0
3689,Point Break,28782481,55648440.0
3487,Kelly & Cal,5387,1311772.5
2359,Tai ji 2: Ying xiong jue qi,35067,4305114.5
1539,The Ides of March,40962534,23949088.0
3305,Get on Up,30513940,25393316.0
4417,Naam Hai Akira,212285,0.0
3902,Xun long jue,1243810,7213319.5
1190,Nanny McPhee Returns,29197642,39026124.0
5870,Overcomer,26252768,6555144.5
1587,Your Highness,21596445,49843432.0
1904,Newlyweds,4584,4254539.5
335,Adoration,293614,1331880.25
4123,Don't Breathe,89217875,31682920.0
887,Under the Sea 3D,36152803,24989020.0
4483,Dawson City: Frozen Time,132369,141085.859375
274,I Can't Think Straight,39373,1707671.0
5315,At Eternity's Gate,2294915,1713601.625
4172,Silence,7100177,40730480.0
4082,The Seventh Fire,30112,1340475.5
3805,Freeheld,532988,23731084.0
1723,Starbuck,335034,747964.0
583,Daybreakers,30101577,18905860.0
3265,Happy Valley,22710,354080.03125
3045,Salvation Army,2433,168965.28125
2420,Love,234159,3974627.75
5702,Wastelander,70045,801388.25
401,Give Me Your Hand,2434,168965.28125
5220,Bad Times at the El Royale,17839115,30595730.0
4752,Victoria & Abdul,22245070,12032258.0
1969,Sing Your Song,47718,503371.0625
314,Deal,57180,20072276.0
1466,The Imperialists Are Still Alive!,2832,545316.9375
4719,Only the Brave,18340051,56004508.0
5232,Creed II,115715889,114604568.0
4083,Zonda: folclore argentino,14869,61046.8203125
2864,The Adventurer: The Curse of the Midas Box,4756,21098796.0
3552,Sa jiao nu ren zui hao ming,135002,741180.3125
1278,Jack Goes Boating,538808,1051369.5
1404,Bodyguard,1361790,427834.9375
1604,My Week with Marilyn,14600347,2415800.5
2471,Least Among Saints,28026,944770.6875
5424,Time Freak,10003,2049736.875
3589,Avengers: Age of Ultron,459005868,506341408.0
5807,Bharat,2971549,31338068.0
5801,Tolkien,4535154,31292432.0
4887,The Young Karl Marx,125659,0.0
211,Flash of Genius,4234040,19429302.0
3934,Microbe et Gasoil,57491,1070058.5
4992,Heal,84668,792461.25
4839,Double Lover,167581,61046.8203125
4419,Equity,1604101,2775823.5
5492,Rampant,166540,856262.3125
5199,Annihilation,32732301,60225168.0
2657,Delivery Man,30664106,72115960.0
2817,Battle of the Year,8888355,23004316.0
3190,Selma,52076908,28415002.0
2475,Supercapitalist,13220,332106.40625
3526,Ivory Tower,99555,2358951.0
2486,Bestiaire,1428,168965.28125
2242,Stories We Tell,1599038,1707671.0
1220,Extraordinary Measures,11854694,31725220.0
3196,"As Above, So Below",21197315,18910050.0
5335,"Don't Worry, He Won't Get Far on Foot",1441705,849019.8125
2746,Afflicted,121179,9191404.0
5171,Steve McQueen: American Icon,1229782,519576.4375
5849,Can You Keep a Secret?,26785,213242.28125
3114,Nightcrawler,32381218,13993958.0
4125,Lion,51739495,15446626.0
1443,Boxing Gym,34502,183561.765625
2578,White House Down,73103784,108539192.0
5531,Pokémon the Movie: The Power of Us,789170,81142.3125
3488,Serial Killer 1,9729,174895.828125
972,Racing Dreams,63052,1282826.875
1154,Everything Must Go,2711210,4616585.0
2279,Les infidèles,6674,854562.6875
3126,22 Jump Street,191719337,97447616.0
4780,The Bye Bye Man,22377458,24349006.0
4783,The Little Hours,1647175,1001800.75
5403,The Little Stranger,713143,14507362.0
4716,The Snowman,6670765,41701248.0
4476,Porto,15126,2239835.0
5751,Terminator: Dark Fate,62253077,166320160.0
3820,The Club,29756,305257.5625
5676,American Dresser,2211,19368118.0
948,Broken Hill,50076,4206507.0
6,Taken,145000989,12537400.0
1435,Stonewall Uprising,127940,124880.3984375
4576,Ignatius of Loyola,109653,219293.65625
5478,What They Had,260065,730240.625
3506,Marie's Story,11720,0.0
1044,Insidious,54009150,11336024.0
330,Nothing Like the Holidays,7502429,1230920.125
2125,Silent Hill: Revelation,17529157,12707956.0
4831,The Other Side of Hope,183943,305257.5625
628,[Rec] 2,27766,7601855.0
2954,Linsanity,302645,1803382.75
1987,The Last Mountain,119697,1324199.375
1821,Aarakshan,342801,118971.2890625
1631,Like Crazy,3413908,1815717.125
2558,Captain Phillips,107100855,61375984.0
4975,The Big Bad Fox and Other Tales,35787,3354455.0
2616,Identity Thief,134506920,34547284.0
3727,The 33,12188642,29095490.0
3143,Teenage Mutant Ninja Turtles,191204754,77175568.0
3700,The Man Who Knew Infinity,3866794,14403030.0
3042,Spark: A Burning Man Story,120059,332106.40625
4803,Blade of the Immortal,150532,24281780.0
3851,I Saw the Light,1646468,37552768.0
283,Meet the Browns,41939392,1859853.5
358,Burma VJ: Reporter i et lukket land,50436,0.0
4367,A Kind of Murder,1806,730240.625
5497,The Heiresses,78473,61046.8203125
3924,Katti Batti,364932,983241.8125
5221,Sicario: Day of the Soldado,50072235,46498576.0
3035,Our Nixon,19249,0.0
3479,The Overnighters,108814,1827546.375
4426,Kills On Wheels,15898,843364.875
252,Forever Strong,630649,2018216.25
2112,House at the End of the Street,31611916,6777800.5
3696,Blackhat,7097125,71245848.0
2472,Occupy Unmasked,51787,183561.765625
2862,Last Passenger,9326,1504436.75
4352,Housefull 3,1157163,2683877.5
5196,Ant-Man and the Wasp,216648740,186408128.0
5215,Searching,26020957,15277968.0
5165,Chapter & Verse,84147,730240.625
2666,Europa Report,125687,1935465.0
1438,Thunder Soul,143568,1004390.1875
1726,A Better Life,1759252,26440782.0
3028,So This Is Christmas,6934,6045787.5
50,What Happens in Vegas,80277646,45409432.0
5629,John McEnroe: In the Realm of Perfection,90964,126286.0859375
5307,Padmaavat,11846060,12559672.0
2887,Di Renjie: Shen du long wang,87783,0.0
5,The Curious Case of Benjamin Button,127509326,129005256.0
1774,Project Nim,410077,1814269.75
2699,The Railway Man,4438438,10244006.0
432,American Swing,28562,290160.46875
1256,Une vie de chat,309973,1115919.25
2006,Addiction Incorporated,39974,1217600.75
2149,Gone,11653123,19575430.0
594,Julie & Julia,94125426,64036368.0
5306,The Darkest Minds,12695691,29797804.0
3022,Pour une femme,28131,168965.28125
3779,The Blackcoat's Daughter,19980,9083486.0
944,The Horse Boy,155984,503371.0625
1583,The Rum Diary,13100042,45837180.0
262,Avaze gonjeshk-ha,115927,2148026.75
4816,The Vault,5728,3735479.25
3231,Leviathan,1092800,623717.3125
4023,Deo Pon,40516,32832.73046875
3067,Le métis de Dieu,130661,466767.21875
622,Youth in Revolt,15281286,24162486.0
5871,Crypto,10194,18841644.0
2717,Adoration,317125,9290242.0
1325,Joan Rivers: A Piece of Work,2927972,1997958.0
1780,Long men fei jia,170276,8204177.5
4960,Filmworker,102609,75643.34375
5218,The Equalizer 2,102084362,75104320.0
5685,Resolution Song,145000,1447074.125
3675,Beasts of No Nation,83861,16338748.0
3957,Cialo,2457,305257.5625
5896,The Captain,706572,281507.65625
1100,My Name Is Khan,4018695,10289838.0
1397,Zenith,5958,183561.765625
4186,How to Be Single,46843513,95045184.0
5488,All Is True,1200481,972924.0625
3644,Daddy's Home,150357137,83284000.0
5264,Hunter Killer,15767460,30042536.0
4384,Fire at Sea,114535,281507.65625
4060,"Sex, Death and Bowling",5236,43798384.0
913,The Black Waters of Echo's Pond,224409,4616585.0
2010,The Highest Pass,20386,290160.46875
3853,The Hunting Ground,405917,2065866.25
1089,The Crazies,39123589,22209658.0
1455,"Hey, Boo: Harper Lee and 'To Kill a Mockingbird'",31135,0.0
1670,In the Land of Blood and Honey,303877,45922628.0
5844,Miss Bala,15006824,10684376.0
973,Kal Kissne Dekha,23437,0.0
4321,Things to Come,282382,2529288.0
4448,Cameraperson,101074,182242.046875
3267,A Long Way Down,13093,9143046.0
2962,I'm in Love with a Church Girl,2380405,6926991.5
4030,A Ballerina's Tale,96900,288853.90625
393,The Business of Being Born,69348,290160.46875
1041,Salt,118311368,81528232.0
4183,Mike and Dave Need Wedding Dates,46007113,48063272.0
1200,Barney's Version,7502560,15265608.0
3133,How to Train Your Dragon 2,177002924,160658512.0
1167,Somewhere,1768416,23427898.0
4305,Maudie,6170998,1713601.625
490,Baby Blues,40800,168965.28125
3525,National Gallery,100100,0.0
3548,How to Save Us,3785,0.0
2445,Spinning Plates,109757,183561.765625
3800,Shingeki no kyojin,449523,677747.9375
745,Bitch Slap,17365,575631.8125
2522,Orchestra of Exiles,34188,396772.34375
3695,Magic Mike XXL,66013057,53256744.0
2221,Dabangg 2,2519190,0.0
883,The Red Chapel,5661,4072641.25
4489,Lü de shui,356023,419106.59375
2389,LUV,138634,2378362.5
5283,The Girl in the Spider's Web,14841338,44942660.0
1768,"Love, Wedding, Marriage",1378,12768676.0
2902,The Power of Few,30444,1959709.625
2640,Philomena,37707719,10285034.0
397,Nights and Weekends,2902,396772.34375
5224,Halloween,159342015,89492896.0
2004,Battle for Brooklyn,11141,503371.0625
1999,Sholem Aleichem: Laughing in the Darkness,906666,545316.9375
4290,Don't Think Twice,4417983,909785.5
288,Witless Protection,4131640,8090824.5
3687,Aloha,20991497,85532184.0
4749,The Wife,9601092,502446.71875
1997,Cô dâu dai chien,64302,1672206.75
5710,The Church,771454,4772087.0
5577,Nostalgia,114603,2655274.25
3809,Rock the Kasbah,2982281,12404488.0
3211,The November Man,24984868,9505472.0
5047,Ex Libris: New York Public Library,158192,0.0
4625,Search Engines,18850,1249750.25
1460,The Trouble with Terkel,107284,1150745.625
2933,Salinger,575775,3202334.5
3317,5 to 7,116400,1081050.125
5187,Deadpool 2,324591735,245032416.0
5105,Take Every Wave: The Life of Laird Hamilton,176076,584802.5625
535,Transformers: Revenge of the Fallen,402111870,309100544.0
2268,Branded,353468,268280.46875
3874,Byuti insaideu,107004,281507.65625
4057,Sunsu-ui sidae,6316,32832.73046875
4812,BPM (Beats Per Minute),125189,75718.7890625
3310,A Haunted House 2,17329486,6524414.5
4704,Going in Style,45003463,27758152.0
1955,Gerhard Richter Painting,237491,168965.28125
5646,Our New President,36382,182242.046875
3144,The Babadook,924279,1203793.5
414,Yonkers Joe,10000000,4616585.0
3709,Scouts Guide to the Zombie Apocalypse,3635292,21979774.0
2039,The Bourne Legacy,113203870,106000280.0
547,Fast & Furious,155064265,81114912.0
4135,War Dogs,43017433,78750920.0
5453,An Elephant Sitting Still,32556,0.0
4224,Masterminds,17356894,41639724.0
5330,Border,771930,2346446.5
5610,The Russian Five,439395,34270.79296875
5500,Yardie,36012,274257.28125
2446,Deceptive Practice: The Mysteries and Mentors of Ricky Jay,151389,396772.34375
5072,Walk With Me,726593,316203.21875
3598,Furious 7,353007020,320344352.0
772,When You're Strange,238632,0.0
3840,Listen to Me Marlon,426130,102992.7578125
4665,Call Me by Your Name,18095701,3753422.0
3389,I'm Your Hero,274579,72084.9375
5313,They Shall Not Grow Old,17956913,468874.53125
647,Valhalla Rising,17546,3108764.5
5886,Junglee,295784,1015967.1875
5776,Crawl,39014193,22122388.0
4072,The Kind Words,135382,216841.78125
4584,Norman Lear: Just Another Version of You,70056,16961.90234375
4725,The Space Between Us,7885294,40253912.0
3560,Pump,73500,5332408.5
5310,The Hate U Give,29719483,36139252.0
1752,Apartment 143,256,2735375.25
3099,Midget Zombie Takeover,11000,427759.40625
4562,The B-Side: Elsa Dorfman's Portrait Photography,65590,772186.5625
818,Chain Letter,143000,5759723.5
1461,Logan,10474,1464280.75
3837,Jem and the Holograms,2184640,10947210.0
2013,America the Beautiful 2: The Thin Commandments,11926,396772.34375
1429,The Taqwacores,11175,183561.765625
836,Gui tu lie che,285848,168965.28125
1304,Bill Cunningham New York,1510026,0.0
5572,Pick of the Litter,534673,75643.34375
451,Solar Flare,4098,1580191.5
832,London River,1314,275577.09375
2525,Booker's Place: A Mississippi Story,5000,0.0
3716,Sleeping with Other People,814775,1081050.125
2209,Bel Ami,119919,338473.15625
752,Desert Flower,44348,937424.4375
2930,On the Job,161217,0.0
4262,Bleed for This,4847865,19970472.0
222,North Face,710993,724300.25
1898,Headshot,456,62366.59765625
2278,Bol Bachchan,1216258,2349271.75
1847,Death of a Superhero,345,168965.28125
2910,The French Minister,3800,420413.15625
4110,The Nice Guys,36261763,47297236.0
4857,Custody,83882,0.0
2867,Grand Masti,362560,108025.5625
4471,Chasing Trane: The John Coltrane Documentary,406284,182242.046875
3458,Kundo: Min-ran-eui si-dae,280958,0.0
2083,Safety Not Guaranteed,4010957,12686350.0
3563,Under the Electric Sky,204150,3192019.0
5319,Super Troopers 2,30617396,35244372.0
2428,Bettie Page Reveals All,102378,536937.25
5393,Stockholm,300000,1876160.375
2533,Let Fury Have the Hour,3386,0.0
4772,Professor Marston & the Wonder Women,1584759,1166936.375
933,La soga,210625,758909.6875
2008,People of a Feather,5651,253556.59375
137,"New York, I Love You",1585859,29036442.0
3454,I Am Ali,4178,1572173.5
3828,Requiem for the American Dream,130152,182242.046875
4279,Fifty Shades of Black,11675178,19245734.0
3568,Deli Man,484000,1912137.875
5732,Knives Out,165359751,123889680.0
4158,Nerve,38562379,53728996.0
2340,Simon Killer,21303,503371.0625
1118,Eat Pray Love,80574010,70185032.0
2383,Gimme the Loot,97768,0.0
2518,Follow Me: The Yoni Netanyahu Story,109762,290160.46875
1259,GasLand,30846,290160.46875
2838,We Steal Secrets: The Story of WikiLeaks,158932,2032263.375
1808,Beginning of the Great Revival,151305,159480.109375
846,"A Woman, a Gun and a Noodle Shop",190666,747964.0
1570,The Thing,16928670,38021660.0
735,Kaminey,1286143,0.0
940,Call of the Wild,28682,2623544.75
2377,Jack & Diane,1041,1168243.0
3140,RoboCop,58607007,87327744.0
2654,Broken City,19701164,50024064.0
2184,Ek Tha Tiger,2347774,0.0
5568,Rosie,5652,3429553.0
4134,Sausage Party,97685686,55208540.0
4189,The Boy,35819556,42690040.0
1502,Limitless,79249455,43904116.0
1066,Resident Evil: Afterlife,60128566,34551800.0
2007,Letters to Elena,7711,1510660.375
571,The Imaginarium of Doctor Parnassus,7689607,28823928.0
4308,Blue Jay,5159,288853.90625
1081,Devil,33583175,39997028.0
3955,Birdboy: The Forgotten Children,38786,61046.8203125
5116,Did You Wonder Who Fired the Gun?,20765,395452.59375
5192,Venom,213515506,214159360.0
4598,Blood on the Mountain,3184,0.0
2206,Big Miracle,20113965,52053628.0
3344,Hasee Toh Phasee,336985,1089840.5
4928,City of Ghosts,128015,943451.0
1001,The Kids Grow Up,10241,183561.765625
3284,Highway,529136,1165452.125
3939,Touched with Fire,146070,730240.625
3636,Brooklyn,38317535,23921326.0
322,Bart Got a Room,53760,2789388.5
2776,Race 2,1578996,898574.0625
2478,Can't Stand Losing You: Surviving the Police,23193,209471.84375
5155,The Paris Opera,55482,61046.8203125
4265,Bad Santa 2,17782178,26029202.0
4011,"En mai, fais ce qu'il te plaît",33275,616295.75
382,Lake Tahoe,5685,168965.28125
5074,Painless,6038,182242.046875
5081,The Eyes,9104,395452.59375
1576,Water for Elephants,58709717,74402696.0
144,Meet Dave,11802056,59024612.0
3751,The Lady in the Van,10017675,5500132.0
1043,RED,90380162,59732912.0
2803,Pawn Shop Chronicles,4915,5059740.0
2160,Vicky Donor,169209,420413.15625
2656,All Is Lost,6263670,7905698.5
615,Ghosts of Girlfriends Past,55250026,38369364.0
2765,Life of Crime,261695,10038472.0
4218,Live by Night,10377558,45314760.0
2403,Steve Jobs: The Lost Interview,104286,503371.0625
5435,Dans la brume,77987,151245.8125
1809,Footnote,2007758,1234004.5
5652,Divide and Conquer: The Story of Roger Ailes,38510,288853.90625
5518,Little Woods,150010,820439.625
2395,Museum Hours,83725,168965.28125
5015,Poster Boys,97049,2924229.75
2303,Sparkle,24397469,12927554.0
4974,Ismael's Ghosts,102510,722894.5
703,Micmacs à tire-larigot,1260917,28461234.0
1111,Monsters,237301,3526142.0
1419,Bhutto,100009,1031895.1875
463,Dark Streets,10958,5278360.5
5847,Luce,1782181,1043924.625
3530,Difret,38449,0.0
1169,Conviction,6783129,7083892.0
3127,Maleficent,241410378,171754048.0
124,Man on Wire,2957978,1187454.625
4239,Morgan,3912052,17716366.0
122,Waltz with Bashir,2283276,1010036.5
1565,We Need to Talk About Kevin,1738692,4488583.0
5508,A Faithful Man,58049,240591.734375
2696,Lovelace,356582,25352864.0
429,Fuel,173783,1315730.125
1320,Ceremony,21666,1082369.875
3704,Amy,8413144,2608840.25
296,Goodbye Solo,871275,838159.0
4607,The Challenge,11043,61046.8203125
53,Transporter 3,31715062,18445276.0
1248,The Romantics,103280,2963890.0
4878,The Nut Job 2: Nutty by Nature,28370522,29083692.0
3425,The Dead Lands,4426,466982.53125
730,My Life in Ruins,8662318,24731326.0
981,William Kunstler: Disturbing the Universe,57769,587962.4375
3070,Demi-soeur,634,306564.21875
2940,Gerontophilia,3975,519774.75
2493,Head Games,14056,1574283.25
520,Somewhere Only We Know,482013,5949048.5
3311,Kill Me Three Times,23840,137629.4375
4394,Kahaani 2,279009,578685.125
1073,The Chronicles of Narnia: The Voyage of the Dawn Treader,104386950,106851168.0
5281,Hotel Artemis,6708147,11590208.0
2704,Killing Season,27713,11136388.0
1323,The Virginity Hit,535249,1798695.375
3808,The D Train,660994,3423508.5
514,Wetlands Preserved: The Story of an Activist Nightclub,2951,290160.46875
3575,Arrête ou je continue,2569,198645.78125
3431,Kawaki,15336,0.0
3009,This Is Martin Bonner,13888,1051369.5
4582,Mo gong mei ying,21001,274257.28125
1350,Film socialisme,31733,275577.09375
2516,A Broken Code,7853000,503371.0625
783,Serious Moonlight,25137,0.0
3517,I nostri ragazzi,6335,61046.8203125
4889,Dave Made a Maze,34117,0.0
3448,Drushyam,227856,9425060.0
3725,The Stanford Prison Experiment,643557,1107550.75
5443,Kickboxer: Retaliation,4537,10816212.0
2507,Welcome to Pine Hill,3629,290160.46875
5694,The Last Race,11947,225460.921875
1967,Evil Bong 3: The Wrath of Bong,91260,975757.9375
1922,Shut Up Little Man! An Audio Misadventure,19654,188492.171875
1633,Something Borrowed,39046489,48649228.0
693,"I Love You, Beth Cooper",14793904,13931884.0
1508,Mission: Impossible - Ghost Protocol,209397903,98460504.0
230,Bigger Stronger Faster*,307811,1894092.5
248,Donkey Punch,18378,930174.125
23,Seven Pounds,69951824,78318168.0
2384,Vettai,202581,148172.84375
2712,Admission,18004225,25661098.0
609,The Box,15045676,43035720.0
2992,Life's a Breeze,3450,1469479.25
3685,Krampus,42592530,43138400.0
3574,Björk: Biophilia Live,132949,61046.8203125
1850,Double Dhamaal,543322,0.0
5715,"Cassandro, The Exotico!",11897,102992.7578125
2415,Zaytoun,42286,6216541.0
5636,Viper Club,59130,1166936.375
4589,The Channel,18001,182242.046875
95,Inkheart,17303424,54211224.0
3941,Creative Control,62480,916701.5
232,Still Walking,163512,496024.8125
1362,Virginia,6915,1282092.0
5656,Be Natural: The Untold Story of Alice Guy-Blaché,97849,33849.28515625
43,The Chronicles of Narnia: Prince Caspian,141621490,225959808.0
5778,The Lego Movie 2: The Second Part,105806508,172617408.0
1101,The Switch,27758465,24624728.0
4409,Nocturama,30157,739737.125
932,Crude,170295,503371.0625
2874,The Liberator,113067,37707744.0
1013,Ahead of Time: The Extraordinary Journey of Ruth Gruber,33024,290160.46875
812,Humpday,406943,1188968.5
2553,The Conjuring,137400141,29275184.0
4840,Badrinath Ki Dulhania,1988441,1932559.875
1717,Restless,163141,23661154.0
4302,Barbershop: The Next Cut,54030051,70646776.0
1590,Drive Angry,10706786,49269808.0
2707,Man of Tai Chi,100144,18872888.0
5645,Science Fair,276195,1727490.875
90,"Synecdoche, New York",3081925,24427332.0
3289,Mr. Turner,3958546,1029634.8125
1312,Letters to God,2848578,6334181.5
5501,The Hows of Us,1118907,6905469.5
1742,Desi Boyz,1066167,332402.09375
3306,Trash,10230,5698257.5
4068,The Dark Below,7095,2972021.75
3712,Maggie,187112,18766140.0
698,Love Happens,22927390,28889288.0
3485,The Song,1009620,1525631.5
5055,Let Yourself Go,12189,283237.0625
5808,What Men Want,54611903,28931260.0
5418,Heavy Trip,10153,198645.78125
378,Kisses,81313,168965.28125
3360,The Bride of Humpty Sharma,380011,148651.765625
4587,Caged No More,114903,1685483.375
5087,Chavela,148666,0.0
4299,Queen of Katwe,8805918,45684848.0
3128,The Fault in Our Stars,124872350,55667808.0
392,Beautiful Losers,56386,290160.46875
4161,Lights Out,67268835,41567044.0
2907,Antarctica: A Year on Ice,287761,578336.5625
1497,The Intouchables,13182281,956938.25
2681,Chennai Express,5306729,16160.4736328125
2667,Redemption,34956,18905860.0
5295,Life of the Party,52856061,39130160.0
1642,The Dilemma,48475290,73237024.0
2367,28 Hotel Rooms,16017,587962.4375
2046,Dredd,13414714,30750140.0
5447,The Happy Prince,466440,715657.1875
1870,Poupoupidou,42580,0.0
4555,SHOT! The Psycho-Spiritual Mantra of Rock,14037,61046.8203125
5141,Ava,18327,777865.0
1639,Win Win,10179275,12753630.0
4616,Kaptaan,109993,10115818.0
3521,I Am Big Bird: The Caroll Spinney Story,13000,182242.046875
2984,Jerusalem,7993108,5750435.0
2886,Computer Chess,101218,640969.9375
4901,Final Portrait,461972,735170.9375
3542,Last Weekend,100000,574997.375
1664,The Hunter,176432,1158450.25
4325,The Beatles: Eight Days a Week - The Touring Years,2930414,1431625.875
5872,Piranhas,19661,274257.28125
1235,Uncle Boonmee Who Can Recall His Past Lives,183605,176215.515625
861,What's Your Raashee?,257868,108025.5625
521,America Betrayed,1311,396772.34375
1880,You've Been Trumped,27210,210911.234375
1337,Sykt lykkelig,44947,747964.0
1510,Horrible Bosses,117538559,46467616.0
5530,"Hale County This Morning, This Evening",112282,288853.90625
3227,Haider,901610,4379912.0
780,I Hate Valentine's Day,10060,3005836.0
2480,Mumia: Long Distance Revolutionary,35806,568813.25
5633,Bullitt County,6511,0.0
1054,Predators,52000688,53764268.0
4559,Until Forever,68240,511566.03125
5927,The Other Side of Heaven 2: Fire of Faith,1722754,2561149.25
4381,When the Bough Breaks,29703843,32098406.0
5649,On Her Shoulders,27767,182242.046875
2130,V/H/S,99770,3779996.5
4043,Carter High,340214,2009659.125
2725,The Immigrant,2013456,11407392.0
3112,The Hobbit: The Battle of the Five Armies,255119788,200195760.0
4403,Vaxxed: From Cover-Up to Catastrophe,164982,2161222.0
3106,The Imitation Game,91125683,35673028.0
3855,James White,94464,1028042.25
4162,Dirty Grandpa,35593113,50324952.0
1224,Wrecked,4821,1299093.375
1842,La fille du puisatier,385406,168965.28125
971,Pianomania,48349,62366.59765625
4188,Angry Birds,107509366,70974032.0
2708,The Last Days on Mars,23838,2690241.25
4380,"Life, Animated",244031,7927057.5
3186,Inherent Vice,8110975,27832142.0
3872,Marguerite,496161,860493.4375
3798,Hrútar,141922,853256.125
3323,Jai Ho,1246151,3893370.5
5592,Default,203701,1434247.875
2918,Hross í oss,11835,4276549.5
1728,Life in a Day,247215,1601059.25
3319,Just Before I Go,8129,958038.5625
1934,On the Ice,70526,1051369.5
4307,Christine,298484,1067825.875
1921,Hunky Dory,19041,306564.21875
36,Mamma Mia!,144130063,64699560.0
2438,War of the Worlds: Goliath,13385,1643005.125
949,Double Take,15120,168965.28125
917,Street Dreams,84944,1093315.375
2404,The Do-Deca-Pentathlon,10000,975757.9375
4820,Mary Shelley,97321,1086773.125
1891,The Forgiveness of Blood,119683,726856.4375
5900,Clinton Road,50400,3272779.0
5445,The Death and Life of John F. Donovan,131955,19015428.0
3050,Redwood Highway,132297,1935465.0
148,Two Lovers,3148482,8657028.0
4345,After the Storm,267773,205896.03125
4250,Mother's Day,32463917,70049000.0
719,Miss March,4542775,4754184.0
2604,Grown Ups 2,133668525,77082728.0
5864,Mine 9,226421,182242.046875
3168,Still Alice,18754371,20408816.0
5327,Three Identical Strangers,12320845,1493140.625
298,Mumbai Meri Jaan,13588,0.0
1990,Mama Africa,10430,424121.71875
4801,Brigsby Bear,532669,1751934.875
4735,A Bad Moms Christmas,72110659,25350834.0
5079,Keep the Change,202788,533051.4375
4065,Calla Lily,28899,61046.8203125
4663,Ghost in the Shell,40563557,99524376.0
4297,In a Valley of Violence,50381,588177.75
286,Lemon Tree,566052,275577.09375
3897,Welcome to Leith,36010,182242.046875
1764,Eva,10395,1601059.25
76,Frost/Nixon,18593156,22002390.0
2476,Refuge,2554,396772.34375
1869,Mon pire cauchemar,21456,199965.515625
4005,Hello Monster,14814,1033021.0625
3876,Hell and Back,156166,227328.3125
1582,Fright Night,18298649,39976064.0
1592,30 Minutes or Less,37053924,29258246.0
4685,T2 Trainspotting,2402004,11363568.0
2028,The Perks of Being a Wallflower,17738570,26347734.0
1299,"Eu cand vreau sa fluier, fluier",12135,275577.09375
4945,Kings,274635,2290301.0
779,Red Riding: The Year of Our Lord 1980,148826,275577.09375
5810,Apollo 11,9039891,2405014.5
3288,Honeymoon,9168,11719332.0
3946,Heart of a Dog,418571,288853.90625
5917,Ms. Purple,18228,288853.90625
4415,Michael Moore in TrumpLand,149090,75643.34375
1834,The Last Lions,635325,2375820.5
4870,Diary of a Wimpy Kid: The Long Haul,20638993,37470236.0
4890,Tom of Finland,378296,174895.828125
5040,Saving Banksy,47965,395452.59375
3863,Digging for Fire,119364,761240.875
1371,The Freebie,2737,869159.25
4991,The Workshop,22061,68297.09375
3783,Maggie's Plan,3351230,761240.875
444,Gunnin' for That #1 Spot,47122,1894092.5
1918,The Island President,75233,1217600.75
5566,Meeting Gorbachev,251627,0.0
3778,Prem Ratan Dhan Payo,4364639,2853297.25
2099,Here Comes the Boom,45290318,49145844.0
4984,Crown Heights,238558,2137478.0
3443,Merchants of Doubt,192400,1720947.875
574,Brüno,60054530,46273720.0
5809,Missing Link,16649539,72478696.0
4885,Pokémon the Movie: I Choose You!,2401722,977257.6875
91,Semi-Pro,33472850,44232068.0
2843,Particle Fever,869838,183561.765625
1725,Into the Abyss,216262,1530256.0
2713,Welcome to the Punch,6787,5183198.5
3559,God the Father,94025,836852.375
1416,Putty Hill,48132,290160.46875
4835,Please Stand By,9868,1751934.875
1552,Battle Los Angeles,83552429,73104800.0
756,Madea Goes to Jail,90485233,1583263.75
5222,A Simple Favor,53548586,30765958.0
4937,American Satan,226233,2645257.5
922,Morrer Como Um Homem,3939,77025.34375
5562,Blue Night,13337,730240.625
4702,It Comes At Night,13985117,29109132.0
1938,Paul Williams Still Alive,37649,1809127.75
4723,Battle of the Sexes,12638526,16561688.0
5377,Mirai,812794,764047.1875
5855,Romeo Akbar Walter,236299,493396.0625
2633,Stoker,1702277,21319706.0
3543,Days and Nights,6003,533051.4375
1929,Tu seras mon fils,250800,758909.6875
1487,Queen of the Lot,158233,1118469.25
2939,Repentance,1179327,3977041.25
1366,O Estranho Caso de Angélica,47743,62366.59765625
1706,Butter,70931,1082369.875
5543,Donnybrook,26284,730240.625
4969,Good Manners,31177,224263.4375
3672,The Longest Ride,37446117,56778916.0
5589,Postcards from London,5312,145638.15625
391,Serbis,64407,823575.5625
4281,Jue di tao wang,1792,8158147.5
3760,City of Revenge,370843,0.0
5030,Once Upon A Time,485728,1402077.125
2927,Bicycling with Molière,59624,306564.21875
5866,Poms,13631124,8250041.5
4624,Best and Most Beautiful Things,1591,0.0
3886,Our Times,847020,436029.875
1282,The Tempest,277943,24441762.0
601,Friday the 13th,65002019,31558974.0
2069,Madagascar 3: Europe's Most Wanted,216391482,146948512.0
1080,Green Zone,35053660,64386404.0
5019,The Swindlers,241916,0.0
2731,Palo Alto,750100,944770.6875
1348,What If...,814906,1930053.25
4829,Along With the Gods: The Two Worlds,1908823,2043108.375
486,Carmo,835,503852.59375
5925,I Got the Hook Up 2,4795000,361786.90625
2289,Paulette,29494,406708.28125
627,Ninja Assassin,38105077,53838184.0
2391,56 Up,701278,183637.25
5874,Body at Brighton Rock,5123,7608919.0
1989,"Small, Beautifully Moving Parts",6711,427759.40625
1008,Systems,2276347,534371.3125
4214,Ride Along 2,91221830,122255968.0
426,Casi divas,46180,1632059.5
364,Jerichow,47175,168965.28125
1617,What's Your Number?,14008193,25367802.0
4028,En équilibre,809,61046.8203125
2543,Now You See Me,117723989,107113184.0
3994,Misery Loves Comedy,5300,1914419.875
1603,Goon,4168144,934385.375
811,To Save a Life,3773863,2272798.25
590,Pirate Radio,7994115,74330672.0
3044,Torn,18202,275577.09375
862,Alamar,61613,5114359.0
5273,Can You Ever Forgive Me?,8803865,6860698.0
1524,Real Steel,85468508,104394160.0
4585,A Beginner's Guide to Snuff,12475,319840.96875
667,Darbareye Elly,106662,282814.21875
3290,In Order of Disappearance,49284,304241.65625
2528,Bidder 70,4809,0.0
4173,Fences,57642961,42397348.0
3558,WARx2,2310625,4564947.0
1936,Khodorkovsky,30144,0.0
759,Gentlemen Broncos,113155,8904800.0
5018,I Do... Until I Don't,279263,761240.875
4611,Starless Dreams,2208,61046.8203125
2963,Los insólitos peces gato,11278,493025.0625
5783,Captive State,5958315,33923740.0
2142,Kon-Tiki,1517410,13023368.0
3983,Elstree 1976,11757,61046.8203125
3119,The Amazing Spider-Man 2,202853933,179016032.0
3707,Far from the Madding Crowd,12229314,18152530.0
3769,"Hello, My Name Is Doris",14443077,44865048.0
4698,Fifty Shades Darker,114376885,241592704.0
4553,The Bounce Back,320676,3030159.25
2217,"For a Good Time, Call...",1243961,975757.9375
1894,Revenge of the Electric Car,150307,1935465.0
4330,Ratchet & Clank,8549740,11290270.0
2517,Herman's House,4669,0.0
3490,Bhopal: A Prayer for Rain,5948,5500298.5
3922,Lu bian ye can,32164,174895.828125
1575,Margin Call,5354039,2378362.5
1743,The Oranges,364875,869159.25
1269,Why Did I Get Married Too?,60095852,34653776.0
5183,Daisy Winters,178230,2585817.5
306,Frygtelig lykkelig,70059,62366.59765625
4510,Compadres,3105269,1484105.625
2218,Kapringen,413276,716963.75
1486,Gustavo Goulart: Isso me atormenta!,2200548,614220.3125
2333,The Summit,218454,903424.75
5626,1991,2341391,1131786.375
4823,Mark Felt: The Man Who Brought Down the White House,768946,1077719.625
4453,Staying Vertical,11747,305257.5625
163,Leatherheads,31199215,51186908.0
242,Paris,1005168,8116592.0
1285,Passion Play,3669,5454625.0
1011,The Last Hurrah,10000,535969.3125
2058,Sinister,48086903,38163304.0
3901,Lolo,22272,198645.78125
4998,Gauguin: Voyage to Tahiti,200140,102992.7578125
5621,Ya veremos,4165949,1689951.625
4733,CHIPS,18591819,18858634.0
2682,The Big Wedding,21784432,36357032.0
2802,Walking with Dinosaurs 3D,36076121,51608144.0
2508,Tchoupitoulas,10431,290160.46875
4029,No Home Movie,24132,281507.65625
3900,La belle saison,35034,61046.8203125
724,Io sono l'amore,5005465,872758.8125
2653,The Kings of Summer,1290312,2416945.75
2849,Tom yum goong 2,2317,574900.875
5352,"Juliet, Naked",3444895,974451.3125
1244,Beyond the Black Rainbow,56129,2735375.25
3257,Love & Mercy,12547189,9891738.0
2494,Far Out Isn't Far Enough: The Tomi Ungerer Story,33428,290160.46875
3786,The Assassin,613556,6092884.0
1421,My Perestroika,241875,1341782.0
2893,Ilo Ilo,54071,275577.09375
3120,Dawn of the Planet of the Apes,208545589,157798192.0
978,Streetballers,29165,1134120.875
10,Twilight,191465414,70378040.0
2213,Being Flynn,526322,12589180.0
2878,The Attorney,557236,3621480.0
4789,Breathe,490131,3923663.75
387,Cloud 9,91330,930174.125
40,Death Race,36316032,56100360.0
3747,A Bigger Splash,1982505,813093.25
1555,Melancholia,3029870,4922338.0
2455,From Beneath,144123,210911.234375
3640,In the Heart of the Sea,25020758,72475592.0
2128,Fetih 1453,73882,340879.90625
1468,The Little Bedroom,5817,62366.59765625
3932,Eisenstein in Guanajuato,34282,187172.421875
5289,American Animals,2856954,578449.4375
1450,Louder Than a Bomb,40362,332106.40625
5110,Dayveon,2077,182242.046875
4994,The Wound,30678,993698.9375
33,Role Models,67294270,29515022.0
1074,Incendies,6857096,3257168.0
4344,Norm of the North,17017118,11031698.0
4730,Rough Night,22062200,31207712.0
5025,Lycan,4970,1688207.5
3456,La chambre bleue,231186,502446.71875
2161,Deadfall,65804,7883077.5
4006,Neither Heaven Nor Earth,10162,61046.8203125
4721,The Square,1502347,548105.9375
1941,Sarah Palin: You Betcha!,10524,62366.59765625
5892,Framing John DeLorean,145625,512326.3125
3427,Stage Fright,7078,746644.3125
5338,Early Man,8267544,66930532.0
556,"I Love You, Man",71440011,48909612.0
1708,Le Havre,611709,413176.03125
370,Trouble the Water,519981,689831.875
4668,The Hitman's Bodyguard,75468583,38836376.0
3364,Mary Kom,590165,330634.78125
3504,Julia,2710,3394408.75
4609,Finding Oscar,21246,0.0
16,Cloverfield,80048433,35819628.0
3142,It Follows,14673301,11719332.0
4443,Money,1021960,5853371.5
5522,Echo in the Canyon,3334977,1720947.875
5671,Mojin: The Worm Valley,101516,132194.375
1138,13 Assassins,802524,3872640.0
814,All the Best: Fun Begins,96054,859343.4375
204,Miracle at St. Anna,7916887,41718744.0
4586,Keep Quiet,50451,61046.8203125
4833,Lean on Pete,1163056,3490700.5
336,Trucker,52166,1767695.0
2649,The Bling Ring,5841046,6316956.5
2685,The Lunchbox,4231500,1803422.375
5481,Return of the Hero,37108,0.0
1112,Beginners,5790894,2515961.25
1465,Vidal Sassoon: The Movie,85222,1110988.875
1420,N-Secure,2592808,1131231.875
3021,May in the Summer,22004,1067773.25
4136,Your Name.,5017246,4742323.0
777,My One and Only,2475970,2493547.25
110,Four Christmases,120146040,64029948.0
5542,Modest Heroes,178027,1815669.5
1411,I Will Follow,360000,183561.765625
2660,21 & Over,25682380,11254780.0
4578,Hermia & Helena,43152,305257.5625
1284,I Hate Luv Storys,847993,675569.625
713,Street Fighter: The Legend of Chun-Li,8742261,10097928.0
443,The Golden Boys,184149,6280414.5
2439,Filly Brown,2833383,1767695.0
1352,Meet Monica Velour,31649,4114640.0
5156,Big Time: Historien om Bjarke Ingels,7347,0.0
2981,Red Obsession,9939,3685.08447265625
1537,I Am Number Four,55100437,50613288.0
5309,Everybody Knows,2660165,517105.6875
3318,Cuban Fury,90310,705271.75
4373,The Greasy Strangler,43580,533051.4375
963,White on Rice,68410,1859853.5
4995,Have a Nice Day,79393,414189.84375
611,It's Complicated,112735375,95512864.0
1755,No One Killed Jessica,440525,0.0
3220,Vampire Academy,7791979,33379814.0
2358,The Other Son,1160773,1707671.0
5666,La Flor,4032,11052.8359375
1607,New Year's Eve,54544638,62818324.0
416,Tennessee,15979,1590132.125
841,Tanner Hall,5005,2484974.0
1899,The Road,120000,716963.75
5416,Whitney,3026351,2395630.0
4278,Our Kind of Traitor,3152725,699244.5
5103,City Of Rock,312537,205896.03125
1865,Simon och ekarna,150109,282814.21875
1147,Jonah Hex,10539414,55221364.0
1379,Un homme qui crie,9862,168965.28125
2180,The Three Stooges,44338224,42399464.0
1594,Another Earth,1316074,1722254.5
4967,The Divine Order,76277,92047.046875
4472,The Resurrection of Gavin Stone,2277776,4519073.5
4710,Jigsaw,38052832,31197872.0
620,Bad Lieutenant: Port of Call New Orleans,1697956,33062350.0
5588,Too Late to Die Young,9207,274257.28125
5594,Daughter of Mine,10628,274257.28125
2365,My Brother the Devil,10305,282814.21875
4315,Certain Women,1032942,2417094.5
4115,Warcraft,47365290,83361512.0
512,Priceless,2155820,396772.34375
2641,Bad Grandpa,102003019,11206900.0
4758,The Glass Castle,17273059,29806736.0
2937,The Beautiful Risk,40254,62366.59765625
2183,Playing for Keeps,13101142,39397208.0
2470,The Iran Job,23019,461998.5
1373,Radio Free Albemuth,5553,3414128.75
4473,Three,65500,401158.03125
2900,C.O.G.,55301,1188968.5
1068,The Ghost Writer,15541549,35142016.0
3475,Land Ho!,727430,2168383.75
5909,Line Walker 2: Invisible Spy,289296,0.0
2561,Furious 6,238679850,179895936.0
2348,Teri Meri Kahaani,671442,675569.625
4296,Wakefield,259412,2411496.0
5944,The Quiet One,37010,316203.21875
1307,Frankie & Alice,693181,758909.6875
4898,A Gentleman,418870,2348359.25
3641,The Walk,10137502,43788520.0
2498,Greenwich Village: Music That Defined a Generation,22560,62366.59765625
1016,If I Die Tonight,20175,1828866.25
517,Jazz in the Diamond District,5107,1093315.375
4638,Guardians of the Galaxy Vol. 2,389813101,261112432.0
3556,Lambert & Stamp,182851,795682.75
